alpha,beta,gamma,mAP@20,NDCG@20
1,1,0.5,0.12328874547610728,0.3431083865408375
0.5,0.5,0.5,0.12328874547610728,0.3431083865408375
1,0.5,0,0.14956945498860952,0.3721507219275877
