alpha,beta,gamma,mAP@20,NDCG@20
1,1,0.5,0.030919606709080394,0.397076874319628
0.5,0.5,0.5,0.03853865432812801,0.4255817576790276
1,0.5,0,0.026850342639816324,0.3544882403108164
